FECHA,COD_DIA VISITA,DIA VISITA,COD SEMANAL,SEMANAL,COD QUINCENAL,QUINCENAL ,COD MENSUAL,MENSUAL
1/1/2023,001,Domingo,001,Semanal,002,Quincena 1 y 3,004,Mensual Semana 1
2/1/2023,002,Lunes,001,Semanal,003,Quincena 2 y 4,005,Mensual Semana 2
3/1/2023,003,Martes,001,Semanal,003,Quincena 2 y 4,005,Mensual Semana 2
4/1/2023,004,Miercoles,001,Semanal,003,Quincena 2 y 4,005,Mensual Semana 2
5/1/2023,005,Jueves,001,Semanal,003,Quincena 2 y 4,005,Mensual Semana 2
6/1/2023,006,Viernes,001,Semanal,003,Quincena 2 y 4,005,Mensual Semana 2
7/1/2023,007,Sabado,001,Semanal,003,Quincena 2 y 4,005,Mensual Semana 2
8/1/2023,001,Domingo,001,Semanal,003,Quincena 2 y 4,005,Mensual Semana 2
9/1/2023,002,Lunes,001,Semanal,002,Quincena 1 y 3,006,Mensual Semana 3
10/1/2023,003,Martes,001,Semanal,002,Quincena 1 y 3,006,Mensual Semana 3
11/1/2023,004,Miercoles,001,Semanal,002,Quincena 1 y 3,006,Mensual Semana 3
12/1/2023,005,Jueves,001,Semanal,002,Quincena 1 y 3,006,Mensual Semana 3
13/01/2023,006,Viernes,001,Semanal,002,Quincena 1 y 3,006,Mensual Semana 3
14/01/2023,007,Sabado,001,Semanal,002,Quincena 1 y 3,006,Mensual Semana 3
15/01/2023,001,Domingo,001,Semanal,002,Quincena 1 y 3,006,Mensual Semana 3
16/01/2023,002,Lunes,001,Semanal,003,Quincena 2 y 4,007,Mensual Semana 4
17/01/2023,003,Martes,001,Semanal,003,Quincena 2 y 4,007,Mensual Semana 4
18/01/2023,004,Miercoles,001,Semanal,003,Quincena 2 y 4,007,Mensual Semana 4
19/01/2023,005,Jueves,001,Semanal,003,Quincena 2 y 4,007,Mensual Semana 4
20/01/2023,006,Viernes,001,Semanal,003,Quincena 2 y 4,007,Mensual Semana 4
21/01/2023,007,Sabado,001,Semanal,003,Quincena 2 y 4,007,Mensual Semana 4
22/01/2023,001,Domingo,001,Semanal,003,Quincena 2 y 4,007,Mensual Semana 4
23/01/2023,002,Lunes,001,Semanal,002,Quincena 1 y 3,004,Mensual Semana 1
24/01/2023,003,Martes,001,Semanal,002,Quincena 1 y 3,004,Mensual Semana 1
25/01/2023,004,Miercoles,001,Semanal,002,Quincena 1 y 3,004,Mensual Semana 1
26/01/2023,005,Jueves,001,Semanal,002,Quincena 1 y 3,004,Mensual Semana 1
27/01/2023,006,Viernes,001,Semanal,002,Quincena 1 y 3,004,Mensual Semana 1
28/01/2023,007,Sabado,001,Semanal,002,Quincena 1 y 3,004,Mensual Semana 1
29/01/2023,001,Domingo,001,Semanal,002,Quincena 1 y 3,004,Mensual Semana 1
30/01/2023,002,Lunes,001,Semanal,003,Quincena 2 y 4,005,Mensual Semana 2
31/01/2023,003,Martes,001,Semanal,003,Quincena 2 y 4,005,Mensual Semana 2
1/2/2023,004,Miercoles,001,Semanal,003,Quincena 2 y 4,005,Mensual Semana 2
2/2/2023,005,Jueves,001,Semanal,003,Quincena 2 y 4,005,Mensual Semana 2
3/2/2023,006,Viernes,001,Semanal,003,Quincena 2 y 4,005,Mensual Semana 2
4/2/2023,007,Sabado,001,Semanal,003,Quincena 2 y 4,005,Mensual Semana 2
5/2/2023,001,Domingo,001,Semanal,003,Quincena 2 y 4,005,Mensual Semana 2
6/2/2023,002,Lunes,001,Semanal,002,Quincena 1 y 3,006,Mensual Semana 3
7/2/2023,003,Martes,001,Semanal,002,Quincena 1 y 3,006,Mensual Semana 3
8/2/2023,004,Miercoles,001,Semanal,002,Quincena 1 y 3,006,Mensual Semana 3
9/2/2023,005,Jueves,001,Semanal,002,Quincena 1 y 3,006,Mensual Semana 3
10/2/2023,006,Viernes,001,Semanal,002,Quincena 1 y 3,006,Mensual Semana 3
11/2/2023,007,Sabado,001,Semanal,002,Quincena 1 y 3,006,Mensual Semana 3
12/2/2023,001,Domingo,001,Semanal,002,Quincena 1 y 3,006,Mensual Semana 3
13/02/2023,002,Lunes,001,Semanal,003,Quincena 2 y 4,007,Mensual Semana 4
14/02/2023,003,Martes,001,Semanal,003,Quincena 2 y 4,007,Mensual Semana 4
15/02/2023,004,Miercoles,001,Semanal,003,Quincena 2 y 4,007,Mensual Semana 4
16/02/2023,005,Jueves,001,Semanal,003,Quincena 2 y 4,007,Mensual Semana 4
17/02/2023,006,Viernes,001,Semanal,003,Quincena 2 y 4,007,Mensual Semana 4
18/02/2023,007,Sabado,001,Semanal,003,Quincena 2 y 4,007,Mensual Semana 4
19/02/2023,001,Domingo,001,Semanal,003,Quincena 2 y 4,007,Mensual Semana 4
20/02/2023,002,Lunes,001,Semanal,002,Quincena 1 y 3,004,Mensual Semana 1
21/02/2023,003,Martes,001,Semanal,002,Quincena 1 y 3,004,Mensual Semana 1
22/02/2023,004,Miercoles,001,Semanal,002,Quincena 1 y 3,004,Mensual Semana 1
23/02/2023,005,Jueves,001,Semanal,002,Quincena 1 y 3,004,Mensual Semana 1
24/02/2023,006,Viernes,001,Semanal,002,Quincena 1 y 3,004,Mensual Semana 1
25/02/2023,007,Sabado,001,Semanal,002,Quincena 1 y 3,004,Mensual Semana 1
26/02/2023,001,Domingo,001,Semanal,002,Quincena 1 y 3,004,Mensual Semana 1
27/02/2023,002,Lunes,001,Semanal,003,Quincena 2 y 4,005,Mensual Semana 2
28/02/2023,003,Martes,001,Semanal,003,Quincena 2 y 4,005,Mensual Semana 2
1/3/2023,004,Miercoles,001,Semanal,003,Quincena 2 y 4,005,Mensual Semana 2
2/3/2023,005,Jueves,001,Semanal,003,Quincena 2 y 4,005,Mensual Semana 2
3/3/2023,006,Viernes,001,Semanal,003,Quincena 2 y 4,005,Mensual Semana 2
4/3/2023,007,Sabado,001,Semanal,003,Quincena 2 y 4,005,Mensual Semana 2
5/3/2023,001,Domingo,001,Semanal,003,Quincena 2 y 4,005,Mensual Semana 2
6/3/2023,002,Lunes,001,Semanal,002,Quincena 1 y 3,006,Mensual Semana 3
7/3/2023,003,Martes,001,Semanal,002,Quincena 1 y 3,006,Mensual Semana 3
8/3/2023,004,Miercoles,001,Semanal,002,Quincena 1 y 3,006,Mensual Semana 3
9/3/2023,005,Jueves,001,Semanal,002,Quincena 1 y 3,006,Mensual Semana 3
10/3/2023,006,Viernes,001,Semanal,002,Quincena 1 y 3,006,Mensual Semana 3
11/3/2023,007,Sabado,001,Semanal,002,Quincena 1 y 3,006,Mensual Semana 3
12/3/2023,001,Domingo,001,Semanal,002,Quincena 1 y 3,006,Mensual Semana 3
13/03/2023,002,Lunes,001,Semanal,003,Quincena 2 y 4,007,Mensual Semana 4
14/03/2023,003,Martes,001,Semanal,003,Quincena 2 y 4,007,Mensual Semana 4
15/03/2023,004,Miercoles,001,Semanal,003,Quincena 2 y 4,007,Mensual Semana 4
16/03/2023,005,Jueves,001,Semanal,003,Quincena 2 y 4,007,Mensual Semana 4
17/03/2023,006,Viernes,001,Semanal,003,Quincena 2 y 4,007,Mensual Semana 4
18/03/2023,007,Sabado,001,Semanal,003,Quincena 2 y 4,007,Mensual Semana 4
19/03/2023,001,Domingo,001,Semanal,003,Quincena 2 y 4,007,Mensual Semana 4
20/03/2023,002,Lunes,001,Semanal,002,Quincena 1 y 3,004,Mensual Semana 1
21/03/2023,003,Martes,001,Semanal,002,Quincena 1 y 3,004,Mensual Semana 1
22/03/2023,004,Miercoles,001,Semanal,002,Quincena 1 y 3,004,Mensual Semana 1
23/03/2023,005,Jueves,001,Semanal,002,Quincena 1 y 3,004,Mensual Semana 1
24/03/2023,006,Viernes,001,Semanal,002,Quincena 1 y 3,004,Mensual Semana 1
25/03/2023,007,Sabado,001,Semanal,002,Quincena 1 y 3,004,Mensual Semana 1
26/03/2023,001,Domingo,001,Semanal,002,Quincena 1 y 3,004,Mensual Semana 1
27/03/2023,002,Lunes,001,Semanal,003,Quincena 2 y 4,005,Mensual Semana 2
28/03/2023,003,Martes,001,Semanal,003,Quincena 2 y 4,005,Mensual Semana 2
29/03/2023,004,Miercoles,001,Semanal,003,Quincena 2 y 4,005,Mensual Semana 2
30/03/2023,005,Jueves,001,Semanal,003,Quincena 2 y 4,005,Mensual Semana 2
31/03/2023,006,Viernes,001,Semanal,003,Quincena 2 y 4,005,Mensual Semana 2
1/4/2023,007,Sabado,001,Semanal,003,Quincena 2 y 4,005,Mensual Semana 2
2/4/2023,001,Domingo,001,Semanal,003,Quincena 2 y 4,005,Mensual Semana 2
3/4/2023,002,Lunes,001,Semanal,002,Quincena 1 y 3,006,Mensual Semana 3
4/4/2023,003,Martes,001,Semanal,002,Quincena 1 y 3,006,Mensual Semana 3
5/4/2023,004,Miercoles,001,Semanal,002,Quincena 1 y 3,006,Mensual Semana 3
6/4/2023,005,Jueves,001,Semanal,002,Quincena 1 y 3,006,Mensual Semana 3
7/4/2023,006,Viernes,001,Semanal,002,Quincena 1 y 3,006,Mensual Semana 3
8/4/2023,007,Sabado,001,Semanal,002,Quincena 1 y 3,006,Mensual Semana 3
9/4/2023,001,Domingo,001,Semanal,002,Quincena 1 y 3,006,Mensual Semana 3
10/4/2023,002,Lunes,001,Semanal,003,Quincena 2 y 4,007,Mensual Semana 4
11/4/2023,003,Martes,001,Semanal,003,Quincena 2 y 4,007,Mensual Semana 4
12/4/2023,004,Miercoles,001,Semanal,003,Quincena 2 y 4,007,Mensual Semana 4
13/04/2023,005,Jueves,001,Semanal,003,Quincena 2 y 4,007,Mensual Semana 4
14/04/2023,006,Viernes,001,Semanal,003,Quincena 2 y 4,007,Mensual Semana 4
15/04/2023,007,Sabado,001,Semanal,003,Quincena 2 y 4,007,Mensual Semana 4
16/04/2023,001,Domingo,001,Semanal,003,Quincena 2 y 4,007,Mensual Semana 4
17/04/2023,002,Lunes,001,Semanal,002,Quincena 1 y 3,004,Mensual Semana 1
18/04/2023,003,Martes,001,Semanal,002,Quincena 1 y 3,004,Mensual Semana 1
19/04/2023,004,Miercoles,001,Semanal,002,Quincena 1 y 3,004,Mensual Semana 1
20/04/2023,005,Jueves,001,Semanal,002,Quincena 1 y 3,004,Mensual Semana 1
21/04/2023,006,Viernes,001,Semanal,002,Quincena 1 y 3,004,Mensual Semana 1
22/04/2023,007,Sabado,001,Semanal,002,Quincena 1 y 3,004,Mensual Semana 1
23/04/2023,001,Domingo,001,Semanal,002,Quincena 1 y 3,004,Mensual Semana 1
24/04/2023,002,Lunes,001,Semanal,003,Quincena 2 y 4,005,Mensual Semana 2
25/04/2023,003,Martes,001,Semanal,003,Quincena 2 y 4,005,Mensual Semana 2
26/04/2023,004,Miercoles,001,Semanal,003,Quincena 2 y 4,005,Mensual Semana 2
27/04/2023,005,Jueves,001,Semanal,003,Quincena 2 y 4,005,Mensual Semana 2
28/04/2023,006,Viernes,001,Semanal,003,Quincena 2 y 4,005,Mensual Semana 2
29/04/2023,007,Sabado,001,Semanal,003,Quincena 2 y 4,005,Mensual Semana 2
30/04/2023,001,Domingo,001,Semanal,003,Quincena 2 y 4,005,Mensual Semana 2
1/5/2023,002,Lunes,001,Semanal,002,Quincena 1 y 3,006,Mensual Semana 3
2/5/2023,003,Martes,001,Semanal,002,Quincena 1 y 3,006,Mensual Semana 3
3/5/2023,004,Miercoles,001,Semanal,002,Quincena 1 y 3,006,Mensual Semana 3
4/5/2023,005,Jueves,001,Semanal,002,Quincena 1 y 3,006,Mensual Semana 3
5/5/2023,006,Viernes,001,Semanal,002,Quincena 1 y 3,006,Mensual Semana 3
6/5/2023,007,Sabado,001,Semanal,002,Quincena 1 y 3,006,Mensual Semana 3
7/5/2023,001,Domingo,001,Semanal,002,Quincena 1 y 3,006,Mensual Semana 3
8/5/2023,002,Lunes,001,Semanal,003,Quincena 2 y 4,007,Mensual Semana 4
9/5/2023,003,Martes,001,Semanal,003,Quincena 2 y 4,007,Mensual Semana 4
10/5/2023,004,Miercoles,001,Semanal,003,Quincena 2 y 4,007,Mensual Semana 4
11/5/2023,005,Jueves,001,Semanal,003,Quincena 2 y 4,007,Mensual Semana 4
12/5/2023,006,Viernes,001,Semanal,003,Quincena 2 y 4,007,Mensual Semana 4
13/05/2023,007,Sabado,001,Semanal,003,Quincena 2 y 4,007,Mensual Semana 4
14/05/2023,001,Domingo,001,Semanal,003,Quincena 2 y 4,007,Mensual Semana 4
15/05/2023,002,Lunes,001,Semanal,002,Quincena 1 y 3,004,Mensual Semana 1
16/05/2023,003,Martes,001,Semanal,002,Quincena 1 y 3,004,Mensual Semana 1
17/05/2023,004,Miercoles,001,Semanal,002,Quincena 1 y 3,004,Mensual Semana 1
18/05/2023,005,Jueves,001,Semanal,002,Quincena 1 y 3,004,Mensual Semana 1
19/05/2023,006,Viernes,001,Semanal,002,Quincena 1 y 3,004,Mensual Semana 1
20/05/2023,007,Sabado,001,Semanal,002,Quincena 1 y 3,004,Mensual Semana 1
21/05/2023,001,Domingo,001,Semanal,002,Quincena 1 y 3,004,Mensual Semana 1
22/05/2023,002,Lunes,001,Semanal,003,Quincena 2 y 4,005,Mensual Semana 2
23/05/2023,003,Martes,001,Semanal,003,Quincena 2 y 4,005,Mensual Semana 2
24/05/2023,004,Miercoles,001,Semanal,003,Quincena 2 y 4,005,Mensual Semana 2
25/05/2023,005,Jueves,001,Semanal,003,Quincena 2 y 4,005,Mensual Semana 2
26/05/2023,006,Viernes,001,Semanal,003,Quincena 2 y 4,005,Mensual Semana 2
27/05/2023,007,Sabado,001,Semanal,003,Quincena 2 y 4,005,Mensual Semana 2
28/05/2023,001,Domingo,001,Semanal,003,Quincena 2 y 4,005,Mensual Semana 2
29/05/2023,002,Lunes,001,Semanal,002,Quincena 1 y 3,006,Mensual Semana 3
30/05/2023,003,Martes,001,Semanal,002,Quincena 1 y 3,006,Mensual Semana 3
31/05/2023,004,Miercoles,001,Semanal,002,Quincena 1 y 3,006,Mensual Semana 3
1/6/2023,005,Jueves,001,Semanal,002,Quincena 1 y 3,006,Mensual Semana 3
2/6/2023,006,Viernes,001,Semanal,002,Quincena 1 y 3,006,Mensual Semana 3
3/6/2023,007,Sabado,001,Semanal,002,Quincena 1 y 3,006,Mensual Semana 3
4/6/2023,001,Domingo,001,Semanal,002,Quincena 1 y 3,006,Mensual Semana 3
5/6/2023,002,Lunes,001,Semanal,003,Quincena 2 y 4,007,Mensual Semana 4
6/6/2023,003,Martes,001,Semanal,003,Quincena 2 y 4,007,Mensual Semana 4
7/6/2023,004,Miercoles,001,Semanal,003,Quincena 2 y 4,007,Mensual Semana 4
8/6/2023,005,Jueves,001,Semanal,003,Quincena 2 y 4,007,Mensual Semana 4
9/6/2023,006,Viernes,001,Semanal,003,Quincena 2 y 4,007,Mensual Semana 4
10/6/2023,007,Sabado,001,Semanal,003,Quincena 2 y 4,007,Mensual Semana 4
11/6/2023,001,Domingo,001,Semanal,003,Quincena 2 y 4,007,Mensual Semana 4
12/6/2023,002,Lunes,001,Semanal,002,Quincena 1 y 3,004,Mensual Semana 1
13/06/2023,003,Martes,001,Semanal,002,Quincena 1 y 3,004,Mensual Semana 1
14/06/2023,004,Miercoles,001,Semanal,002,Quincena 1 y 3,004,Mensual Semana 1
15/06/2023,005,Jueves,001,Semanal,002,Quincena 1 y 3,004,Mensual Semana 1
16/06/2023,006,Viernes,001,Semanal,002,Quincena 1 y 3,004,Mensual Semana 1
17/06/2023,007,Sabado,001,Semanal,002,Quincena 1 y 3,004,Mensual Semana 1
18/06/2023,001,Domingo,001,Semanal,002,Quincena 1 y 3,004,Mensual Semana 1
19/06/2023,002,Lunes,001,Semanal,003,Quincena 2 y 4,005,Mensual Semana 2
20/06/2023,003,Martes,001,Semanal,003,Quincena 2 y 4,005,Mensual Semana 2
21/06/2023,004,Miercoles,001,Semanal,003,Quincena 2 y 4,005,Mensual Semana 2
22/06/2023,005,Jueves,001,Semanal,003,Quincena 2 y 4,005,Mensual Semana 2
23/06/2023,006,Viernes,001,Semanal,003,Quincena 2 y 4,005,Mensual Semana 2
24/06/2023,007,Sabado,001,Semanal,003,Quincena 2 y 4,005,Mensual Semana 2
25/06/2023,001,Domingo,001,Semanal,003,Quincena 2 y 4,005,Mensual Semana 2
26/06/2023,002,Lunes,001,Semanal,002,Quincena 1 y 3,006,Mensual Semana 3
27/06/2023,003,Martes,001,Semanal,002,Quincena 1 y 3,006,Mensual Semana 3
28/06/2023,004,Miercoles,001,Semanal,002,Quincena 1 y 3,006,Mensual Semana 3
29/06/2023,005,Jueves,001,Semanal,002,Quincena 1 y 3,006,Mensual Semana 3
30/06/2023,006,Viernes,001,Semanal,002,Quincena 1 y 3,006,Mensual Semana 3
1/7/2023,007,Sabado,001,Semanal,002,Quincena 1 y 3,006,Mensual Semana 3
2/7/2023,001,Domingo,001,Semanal,002,Quincena 1 y 3,006,Mensual Semana 3
3/7/2023,002,Lunes,001,Semanal,003,Quincena 2 y 4,007,Mensual Semana 4
4/7/2023,003,Martes,001,Semanal,003,Quincena 2 y 4,007,Mensual Semana 4
5/7/2023,004,Miercoles,001,Semanal,003,Quincena 2 y 4,007,Mensual Semana 4
6/7/2023,005,Jueves,001,Semanal,003,Quincena 2 y 4,007,Mensual Semana 4
7/7/2023,006,Viernes,001,Semanal,003,Quincena 2 y 4,007,Mensual Semana 4
8/7/2023,007,Sabado,001,Semanal,003,Quincena 2 y 4,007,Mensual Semana 4
9/7/2023,001,Domingo,001,Semanal,003,Quincena 2 y 4,007,Mensual Semana 4
10/7/2023,002,Lunes,001,Semanal,002,Quincena 1 y 3,004,Mensual Semana 1
11/7/2023,003,Martes,001,Semanal,002,Quincena 1 y 3,004,Mensual Semana 1
12/7/2023,004,Miercoles,001,Semanal,002,Quincena 1 y 3,004,Mensual Semana 1
13/07/2023,005,Jueves,001,Semanal,002,Quincena 1 y 3,004,Mensual Semana 1
14/07/2023,006,Viernes,001,Semanal,002,Quincena 1 y 3,004,Mensual Semana 1
15/07/2023,007,Sabado,001,Semanal,002,Quincena 1 y 3,004,Mensual Semana 1
16/07/2023,001,Domingo,001,Semanal,002,Quincena 1 y 3,004,Mensual Semana 1
17/07/2023,002,Lunes,001,Semanal,003,Quincena 2 y 4,005,Mensual Semana 2
18/07/2023,003,Martes,001,Semanal,003,Quincena 2 y 4,005,Mensual Semana 2
19/07/2023,004,Miercoles,001,Semanal,003,Quincena 2 y 4,005,Mensual Semana 2
20/07/2023,005,Jueves,001,Semanal,003,Quincena 2 y 4,005,Mensual Semana 2
21/07/2023,006,Viernes,001,Semanal,003,Quincena 2 y 4,005,Mensual Semana 2
22/07/2023,007,Sabado,001,Semanal,003,Quincena 2 y 4,005,Mensual Semana 2
23/07/2023,001,Domingo,001,Semanal,003,Quincena 2 y 4,005,Mensual Semana 2
24/07/2023,002,Lunes,001,Semanal,002,Quincena 1 y 3,006,Mensual Semana 3
25/07/2023,003,Martes,001,Semanal,002,Quincena 1 y 3,006,Mensual Semana 3
26/07/2023,004,Miercoles,001,Semanal,002,Quincena 1 y 3,006,Mensual Semana 3
27/07/2023,005,Jueves,001,Semanal,002,Quincena 1 y 3,006,Mensual Semana 3
28/07/2023,006,Viernes,001,Semanal,002,Quincena 1 y 3,006,Mensual Semana 3
29/07/2023,007,Sabado,001,Semanal,002,Quincena 1 y 3,006,Mensual Semana 3
30/07/2023,001,Domingo,001,Semanal,002,Quincena 1 y 3,006,Mensual Semana 3
31/07/2023,002,Lunes,001,Semanal,003,Quincena 2 y 4,007,Mensual Semana 4
1/8/2023,003,Martes,001,Semanal,003,Quincena 2 y 4,007,Mensual Semana 4
2/8/2023,004,Miercoles,001,Semanal,003,Quincena 2 y 4,007,Mensual Semana 4
3/8/2023,005,Jueves,001,Semanal,003,Quincena 2 y 4,007,Mensual Semana 4
4/8/2023,006,Viernes,001,Semanal,003,Quincena 2 y 4,007,Mensual Semana 4
5/8/2023,007,Sabado,001,Semanal,003,Quincena 2 y 4,007,Mensual Semana 4
6/8/2023,001,Domingo,001,Semanal,003,Quincena 2 y 4,007,Mensual Semana 4
7/8/2023,002,Lunes,001,Semanal,002,Quincena 1 y 3,004,Mensual Semana 1
8/8/2023,003,Martes,001,Semanal,002,Quincena 1 y 3,004,Mensual Semana 1
9/8/2023,004,Miercoles,001,Semanal,002,Quincena 1 y 3,004,Mensual Semana 1
10/8/2023,005,Jueves,001,Semanal,002,Quincena 1 y 3,004,Mensual Semana 1
11/8/2023,006,Viernes,001,Semanal,002,Quincena 1 y 3,004,Mensual Semana 1
12/8/2023,007,Sabado,001,Semanal,002,Quincena 1 y 3,004,Mensual Semana 1
13/08/2023,001,Domingo,001,Semanal,002,Quincena 1 y 3,004,Mensual Semana 1
14/08/2023,002,Lunes,001,Semanal,003,Quincena 2 y 4,005,Mensual Semana 2
15/08/2023,003,Martes,001,Semanal,003,Quincena 2 y 4,005,Mensual Semana 2
16/08/2023,004,Miercoles,001,Semanal,003,Quincena 2 y 4,005,Mensual Semana 2
17/08/2023,005,Jueves,001,Semanal,003,Quincena 2 y 4,005,Mensual Semana 2
18/08/2023,006,Viernes,001,Semanal,003,Quincena 2 y 4,005,Mensual Semana 2
19/08/2023,007,Sabado,001,Semanal,003,Quincena 2 y 4,005,Mensual Semana 2
20/08/2023,001,Domingo,001,Semanal,003,Quincena 2 y 4,005,Mensual Semana 2
21/08/2023,002,Lunes,001,Semanal,002,Quincena 1 y 3,006,Mensual Semana 3
22/08/2023,003,Martes,001,Semanal,002,Quincena 1 y 3,006,Mensual Semana 3
23/08/2023,004,Miercoles,001,Semanal,002,Quincena 1 y 3,006,Mensual Semana 3
24/08/2023,005,Jueves,001,Semanal,002,Quincena 1 y 3,006,Mensual Semana 3
25/08/2023,006,Viernes,001,Semanal,002,Quincena 1 y 3,006,Mensual Semana 3
26/08/2023,007,Sabado,001,Semanal,002,Quincena 1 y 3,006,Mensual Semana 3
27/08/2023,001,Domingo,001,Semanal,002,Quincena 1 y 3,006,Mensual Semana 3
28/08/2023,002,Lunes,001,Semanal,003,Quincena 2 y 4,007,Mensual Semana 4
29/08/2023,003,Martes,001,Semanal,003,Quincena 2 y 4,007,Mensual Semana 4
30/08/2023,004,Miercoles,001,Semanal,003,Quincena 2 y 4,007,Mensual Semana 4
31/08/2023,005,Jueves,001,Semanal,003,Quincena 2 y 4,007,Mensual Semana 4
1/9/2023,006,Viernes,001,Semanal,003,Quincena 2 y 4,007,Mensual Semana 4
2/9/2023,007,Sabado,001,Semanal,003,Quincena 2 y 4,007,Mensual Semana 4
3/9/2023,001,Domingo,001,Semanal,003,Quincena 2 y 4,007,Mensual Semana 4
4/9/2023,002,Lunes,001,Semanal,002,Quincena 1 y 3,004,Mensual Semana 1
5/9/2023,003,Martes,001,Semanal,002,Quincena 1 y 3,004,Mensual Semana 1
6/9/2023,004,Miercoles,001,Semanal,002,Quincena 1 y 3,004,Mensual Semana 1
7/9/2023,005,Jueves,001,Semanal,002,Quincena 1 y 3,004,Mensual Semana 1
8/9/2023,006,Viernes,001,Semanal,002,Quincena 1 y 3,004,Mensual Semana 1
9/9/2023,007,Sabado,001,Semanal,002,Quincena 1 y 3,004,Mensual Semana 1
10/9/2023,001,Domingo,001,Semanal,002,Quincena 1 y 3,004,Mensual Semana 1
11/9/2023,002,Lunes,001,Semanal,003,Quincena 2 y 4,005,Mensual Semana 2
12/9/2023,003,Martes,001,Semanal,003,Quincena 2 y 4,005,Mensual Semana 2
13/09/2023,004,Miercoles,001,Semanal,003,Quincena 2 y 4,005,Mensual Semana 2
14/09/2023,005,Jueves,001,Semanal,003,Quincena 2 y 4,005,Mensual Semana 2
15/09/2023,006,Viernes,001,Semanal,003,Quincena 2 y 4,005,Mensual Semana 2
16/09/2023,007,Sabado,001,Semanal,003,Quincena 2 y 4,005,Mensual Semana 2
17/09/2023,001,Domingo,001,Semanal,003,Quincena 2 y 4,005,Mensual Semana 2
18/09/2023,002,Lunes,001,Semanal,002,Quincena 1 y 3,006,Mensual Semana 3
19/09/2023,003,Martes,001,Semanal,002,Quincena 1 y 3,006,Mensual Semana 3
20/09/2023,004,Miercoles,001,Semanal,002,Quincena 1 y 3,006,Mensual Semana 3
21/09/2023,005,Jueves,001,Semanal,002,Quincena 1 y 3,006,Mensual Semana 3
22/09/2023,006,Viernes,001,Semanal,002,Quincena 1 y 3,006,Mensual Semana 3
23/09/2023,007,Sabado,001,Semanal,002,Quincena 1 y 3,006,Mensual Semana 3
24/09/2023,001,Domingo,001,Semanal,002,Quincena 1 y 3,006,Mensual Semana 3
25/09/2023,002,Lunes,001,Semanal,003,Quincena 2 y 4,007,Mensual Semana 4
26/09/2023,003,Martes,001,Semanal,003,Quincena 2 y 4,007,Mensual Semana 4
27/09/2023,004,Miercoles,001,Semanal,003,Quincena 2 y 4,007,Mensual Semana 4
28/09/2023,005,Jueves,001,Semanal,003,Quincena 2 y 4,007,Mensual Semana 4
29/09/2023,006,Viernes,001,Semanal,003,Quincena 2 y 4,007,Mensual Semana 4
30/09/2023,007,Sabado,001,Semanal,003,Quincena 2 y 4,007,Mensual Semana 4
1/10/2023,001,Domingo,001,Semanal,003,Quincena 2 y 4,007,Mensual Semana 4
2/10/2023,002,Lunes,001,Semanal,002,Quincena 1 y 3,004,Mensual Semana 1
3/10/2023,003,Martes,001,Semanal,002,Quincena 1 y 3,004,Mensual Semana 1
4/10/2023,004,Miercoles,001,Semanal,002,Quincena 1 y 3,004,Mensual Semana 1
5/10/2023,005,Jueves,001,Semanal,002,Quincena 1 y 3,004,Mensual Semana 1
6/10/2023,006,Viernes,001,Semanal,002,Quincena 1 y 3,004,Mensual Semana 1
7/10/2023,007,Sabado,001,Semanal,002,Quincena 1 y 3,004,Mensual Semana 1
8/10/2023,001,Domingo,001,Semanal,002,Quincena 1 y 3,004,Mensual Semana 1
9/10/2023,002,Lunes,001,Semanal,003,Quincena 2 y 4,005,Mensual Semana 2
10/10/2023,003,Martes,001,Semanal,003,Quincena 2 y 4,005,Mensual Semana 2
11/10/2023,004,Miercoles,001,Semanal,003,Quincena 2 y 4,005,Mensual Semana 2
12/10/2023,005,Jueves,001,Semanal,003,Quincena 2 y 4,005,Mensual Semana 2
13/10/2023,006,Viernes,001,Semanal,003,Quincena 2 y 4,005,Mensual Semana 2
14/10/2023,007,Sabado,001,Semanal,003,Quincena 2 y 4,005,Mensual Semana 2
15/10/2023,001,Domingo,001,Semanal,003,Quincena 2 y 4,005,Mensual Semana 2
16/10/2023,002,Lunes,001,Semanal,002,Quincena 1 y 3,006,Mensual Semana 3
17/10/2023,003,Martes,001,Semanal,002,Quincena 1 y 3,006,Mensual Semana 3
18/10/2023,004,Miercoles,001,Semanal,002,Quincena 1 y 3,006,Mensual Semana 3
19/10/2023,005,Jueves,001,Semanal,002,Quincena 1 y 3,006,Mensual Semana 3
20/10/2023,006,Viernes,001,Semanal,002,Quincena 1 y 3,006,Mensual Semana 3
21/10/2023,007,Sabado,001,Semanal,002,Quincena 1 y 3,006,Mensual Semana 3
22/10/2023,001,Domingo,001,Semanal,002,Quincena 1 y 3,006,Mensual Semana 3
23/10/2023,002,Lunes,001,Semanal,003,Quincena 2 y 4,007,Mensual Semana 4
24/10/2023,003,Martes,001,Semanal,003,Quincena 2 y 4,007,Mensual Semana 4
25/10/2023,004,Miercoles,001,Semanal,003,Quincena 2 y 4,007,Mensual Semana 4
26/10/2023,005,Jueves,001,Semanal,003,Quincena 2 y 4,007,Mensual Semana 4
27/10/2023,006,Viernes,001,Semanal,003,Quincena 2 y 4,007,Mensual Semana 4
28/10/2023,007,Sabado,001,Semanal,003,Quincena 2 y 4,007,Mensual Semana 4
29/10/2023,001,Domingo,001,Semanal,003,Quincena 2 y 4,007,Mensual Semana 4
30/10/2023,002,Lunes,001,Semanal,002,Quincena 1 y 3,004,Mensual Semana 1
31/10/2023,003,Martes,001,Semanal,002,Quincena 1 y 3,004,Mensual Semana 1
1/11/2023,004,Miercoles,001,Semanal,002,Quincena 1 y 3,004,Mensual Semana 1
2/11/2023,005,Jueves,001,Semanal,002,Quincena 1 y 3,004,Mensual Semana 1
3/11/2023,006,Viernes,001,Semanal,002,Quincena 1 y 3,004,Mensual Semana 1
4/11/2023,007,Sabado,001,Semanal,002,Quincena 1 y 3,004,Mensual Semana 1
5/11/2023,001,Domingo,001,Semanal,002,Quincena 1 y 3,004,Mensual Semana 1
6/11/2023,002,Lunes,001,Semanal,003,Quincena 2 y 4,005,Mensual Semana 2
7/11/2023,003,Martes,001,Semanal,003,Quincena 2 y 4,005,Mensual Semana 2
8/11/2023,004,Miercoles,001,Semanal,003,Quincena 2 y 4,005,Mensual Semana 2
9/11/2023,005,Jueves,001,Semanal,003,Quincena 2 y 4,005,Mensual Semana 2
10/11/2023,006,Viernes,001,Semanal,003,Quincena 2 y 4,005,Mensual Semana 2
11/11/2023,007,Sabado,001,Semanal,003,Quincena 2 y 4,005,Mensual Semana 2
12/11/2023,001,Domingo,001,Semanal,003,Quincena 2 y 4,005,Mensual Semana 2
13/11/2023,002,Lunes,001,Semanal,002,Quincena 1 y 3,006,Mensual Semana 3
14/11/2023,003,Martes,001,Semanal,002,Quincena 1 y 3,006,Mensual Semana 3
15/11/2023,004,Miercoles,001,Semanal,002,Quincena 1 y 3,006,Mensual Semana 3
16/11/2023,005,Jueves,001,Semanal,002,Quincena 1 y 3,006,Mensual Semana 3
17/11/2023,006,Viernes,001,Semanal,002,Quincena 1 y 3,006,Mensual Semana 3
18/11/2023,007,Sabado,001,Semanal,002,Quincena 1 y 3,006,Mensual Semana 3
19/11/2023,001,Domingo,001,Semanal,002,Quincena 1 y 3,006,Mensual Semana 3
20/11/2023,002,Lunes,001,Semanal,003,Quincena 2 y 4,007,Mensual Semana 4
21/11/2023,003,Martes,001,Semanal,003,Quincena 2 y 4,007,Mensual Semana 4
22/11/2023,004,Miercoles,001,Semanal,003,Quincena 2 y 4,007,Mensual Semana 4
23/11/2023,005,Jueves,001,Semanal,003,Quincena 2 y 4,007,Mensual Semana 4
24/11/2023,006,Viernes,001,Semanal,003,Quincena 2 y 4,007,Mensual Semana 4
25/11/2023,007,Sabado,001,Semanal,003,Quincena 2 y 4,007,Mensual Semana 4
26/11/2023,001,Domingo,001,Semanal,003,Quincena 2 y 4,007,Mensual Semana 4
27/11/2023,002,Lunes,001,Semanal,002,Quincena 1 y 3,004,Mensual Semana 1
28/11/2023,003,Martes,001,Semanal,002,Quincena 1 y 3,004,Mensual Semana 1
29/11/2023,004,Miercoles,001,Semanal,002,Quincena 1 y 3,004,Mensual Semana 1
30/11/2023,005,Jueves,001,Semanal,002,Quincena 1 y 3,004,Mensual Semana 1
1/12/2023,006,Viernes,001,Semanal,002,Quincena 1 y 3,004,Mensual Semana 1
2/12/2023,007,Sabado,001,Semanal,002,Quincena 1 y 3,004,Mensual Semana 1
3/12/2023,001,Domingo,001,Semanal,002,Quincena 1 y 3,004,Mensual Semana 1
4/12/2023,002,Lunes,001,Semanal,003,Quincena 2 y 4,005,Mensual Semana 2
5/12/2023,003,Martes,001,Semanal,003,Quincena 2 y 4,005,Mensual Semana 2
6/12/2023,004,Miercoles,001,Semanal,003,Quincena 2 y 4,005,Mensual Semana 2
7/12/2023,005,Jueves,001,Semanal,003,Quincena 2 y 4,005,Mensual Semana 2
8/12/2023,006,Viernes,001,Semanal,003,Quincena 2 y 4,005,Mensual Semana 2
9/12/2023,007,Sabado,001,Semanal,003,Quincena 2 y 4,005,Mensual Semana 2
10/12/2023,001,Domingo,001,Semanal,003,Quincena 2 y 4,005,Mensual Semana 2
11/12/2023,002,Lunes,001,Semanal,002,Quincena 1 y 3,006,Mensual Semana 3
12/12/2023,003,Martes,001,Semanal,002,Quincena 1 y 3,006,Mensual Semana 3
13/12/2023,004,Miercoles,001,Semanal,002,Quincena 1 y 3,006,Mensual Semana 3
14/12/2023,005,Jueves,001,Semanal,002,Quincena 1 y 3,006,Mensual Semana 3
15/12/2023,006,Viernes,001,Semanal,002,Quincena 1 y 3,006,Mensual Semana 3
16/12/2023,007,Sabado,001,Semanal,002,Quincena 1 y 3,006,Mensual Semana 3
17/12/2023,001,Domingo,001,Semanal,002,Quincena 1 y 3,006,Mensual Semana 3
18/12/2023,002,Lunes,001,Semanal,003,Quincena 2 y 4,007,Mensual Semana 4
19/12/2023,003,Martes,001,Semanal,003,Quincena 2 y 4,007,Mensual Semana 4
20/12/2023,004,Miercoles,001,Semanal,003,Quincena 2 y 4,007,Mensual Semana 4
21/12/2023,005,Jueves,001,Semanal,003,Quincena 2 y 4,007,Mensual Semana 4
22/12/2023,006,Viernes,001,Semanal,003,Quincena 2 y 4,007,Mensual Semana 4
23/12/2023,007,Sabado,001,Semanal,003,Quincena 2 y 4,007,Mensual Semana 4
24/12/2023,001,Domingo,001,Semanal,003,Quincena 2 y 4,007,Mensual Semana 4
25/12/2023,002,Lunes,001,Semanal,002,Quincena 1 y 3,004,Mensual Semana 1
26/12/2023,003,Martes,001,Semanal,002,Quincena 1 y 3,004,Mensual Semana 1
27/12/2023,004,Miércoles,001,Semanal,002,Quincena 1 y 3,004,Mensual Semana 1
28/12/2023,005,Jueves,001,Semanal,002,Quincena 1 y 3,004,Mensual Semana 1
29/12/2023,006,Viernes,001,Semanal,002,Quincena 1 y 3,004,Mensual Semana 1
30/12/2023,007,Sabado,001,Semanal,002,Quincena 1 y 3,004,Mensual Semana 1
31/12/2023,001,Domingo,001,Semanal,002,Quincena 1 y 3,004,Mensual Semana 1
